INSERT INTO roles (role) VALUES ('admin0');
INSERT INTO role_permissions (role_id, permission) VALUES (1, 'permission 1');
INSERT INTO roles (role) VALUES ('admin1');
INSERT INTO role_permissions (role_id, permission) VALUES (2, 'permission 2');
INSERT INTO roles (role) VALUES ('admin2');
INSERT INTO role_permissions (role_id, permission) VALUES (3, 'permission 3');
INSERT INTO roles (role) VALUES ('admin3');
INSERT INTO role_permissions (role_id, permission) VALUES (4, 'permission 4');
INSERT INTO roles (role) VALUES ('admin4');
INSERT INTO role_permissions (role_id, permission) VALUES (5, 'permission 5');
INSERT INTO roles (role) VALUES ('admin5');
INSERT INTO role_permissions (role_id, permission) VALUES (6, 'permission 6');
INSERT INTO roles (role) VALUES ('admin6');
INSERT INTO role_permissions (role_id, permission) VALUES (7, 'permission 7');
INSERT INTO roles (role) VALUES ('admin7');
INSERT INTO role_permissions (role_id, permission) VALUES (8, 'permission 8');
INSERT INTO roles (role) VALUES ('admin8');
INSERT INTO role_permissions (role_id, permission) VALUES (9, 'permission 9');
INSERT INTO roles (role) VALUES ('admin9');
INSERT INTO role_permissions (role_id, permission) VALUES (10, 'permission 10');
INSERT INTO roles (role) VALUES ('admin10');
INSERT INTO role_permissions (role_id, permission) VALUES (11, 'permission 11');
INSERT INTO roles (role) VALUES ('admin11');
INSERT INTO role_permissions (role_id, permission) VALUES (12, 'permission 12');
INSERT INTO roles (role) VALUES ('admin12');
INSERT INTO role_permissions (role_id, permission) VALUES (13, 'permission 13');
INSERT INTO roles (role) VALUES ('admin13');
INSERT INTO role_permissions (role_id, permission) VALUES (14, 'permission 14');
INSERT INTO roles (role) VALUES ('admin14');
INSERT INTO role_permissions (role_id, permission) VALUES (15, 'permission 15');
INSERT INTO roles (role) VALUES ('admin15');
INSERT INTO role_permissions (role_id, permission) VALUES (16, 'permission 16');
INSERT INTO roles (role) VALUES ('admin16');
INSERT INTO role_permissions (role_id, permission) VALUES (17, 'permission 17');
INSERT INTO roles (role) VALUES ('admin17');
INSERT INTO role_permissions (role_id, permission) VALUES (18, 'permission 18');
INSERT INTO roles (role) VALUES ('admin18');
INSERT INTO role_permissions (role_id, permission) VALUES (19, 'permission 19');
INSERT INTO roles (role) VALUES ('admin19');
INSERT INTO role_permissions (role_id, permission) VALUES (20, 'permission 20');
INSERT INTO roles (role) VALUES ('admin20');
INSERT INTO role_permissions (role_id, permission) VALUES (21, 'permission 21');
INSERT INTO roles (role) VALUES ('admin21');
INSERT INTO role_permissions (role_id, permission) VALUES (22, 'permission 22');
INSERT INTO roles (role) VALUES ('admin22');
INSERT INTO role_permissions (role_id, permission) VALUES (23, 'permission 23');
INSERT INTO roles (role) VALUES ('admin23');
INSERT INTO role_permissions (role_id, permission) VALUES (24, 'permission 24');
INSERT INTO roles (role) VALUES ('admin24');
INSERT INTO role_permissions (role_id, permission) VALUES (25, 'permission 25');
INSERT INTO roles (role) VALUES ('admin25');
INSERT INTO role_permissions (role_id, permission) VALUES (26, 'permission 26');
INSERT INTO roles (role) VALUES ('admin26');
INSERT INTO role_permissions (role_id, permission) VALUES (27, 'permission 27');
INSERT INTO roles (role) VALUES ('admin27');
INSERT INTO role_permissions (role_id, permission) VALUES (28, 'permission 28');
INSERT INTO roles (role) VALUES ('admin28');
INSERT INTO role_permissions (role_id, permission) VALUES (29, 'permission 29');
INSERT INTO roles (role) VALUES ('admin29');
INSERT INTO role_permissions (role_id, permission) VALUES (30, 'permission 30');
INSERT INTO roles (role) VALUES ('admin30');
INSERT INTO role_permissions (role_id, permission) VALUES (31, 'permission 31');
INSERT INTO roles (role) VALUES ('admin31');
INSERT INTO role_permissions (role_id, permission) VALUES (32, 'permission 32');
INSERT INTO roles (role) VALUES ('admin32');
INSERT INTO role_permissions (role_id, permission) VALUES (33, 'permission 33');
INSERT INTO roles (role) VALUES ('admin33');
INSERT INTO role_permissions (role_id, permission) VALUES (34, 'permission 34');
INSERT INTO roles (role) VALUES ('admin34');
INSERT INTO role_permissions (role_id, permission) VALUES (35, 'permission 35');
INSERT INTO roles (role) VALUES ('admin35');
INSERT INTO role_permissions (role_id, permission) VALUES (36, 'permission 36');
INSERT INTO roles (role) VALUES ('admin36');
INSERT INTO role_permissions (role_id, permission) VALUES (37, 'permission 37');
INSERT INTO roles (role) VALUES ('admin37');
INSERT INTO role_permissions (role_id, permission) VALUES (38, 'permission 38');
INSERT INTO roles (role) VALUES ('admin38');
INSERT INTO role_permissions (role_id, permission) VALUES (39, 'permission 39');
INSERT INTO roles (role) VALUES ('admin39');
INSERT INTO role_permissions (role_id, permission) VALUES (40, 'permission 40');
INSERT INTO roles (role) VALUES ('admin40');
INSERT INTO role_permissions (role_id, permission) VALUES (41, 'permission 41');
INSERT INTO roles (role) VALUES ('admin41');
INSERT INTO role_permissions (role_id, permission) VALUES (42, 'permission 42');
INSERT INTO roles (role) VALUES ('admin42');
INSERT INTO role_permissions (role_id, permission) VALUES (43, 'permission 43');
INSERT INTO roles (role) VALUES ('admin43');
INSERT INTO role_permissions (role_id, permission) VALUES (44, 'permission 44');
INSERT INTO roles (role) VALUES ('admin44');
INSERT INTO role_permissions (role_id, permission) VALUES (45, 'permission 45');
INSERT INTO roles (role) VALUES ('admin45');
INSERT INTO role_permissions (role_id, permission) VALUES (46, 'permission 46');
INSERT INTO roles (role) VALUES ('admin46');
INSERT INTO role_permissions (role_id, permission) VALUES (47, 'permission 47');
INSERT INTO roles (role) VALUES ('admin47');
INSERT INTO role_permissions (role_id, permission) VALUES (48, 'permission 48');
INSERT INTO roles (role) VALUES ('admin48');
INSERT INTO role_permissions (role_id, permission) VALUES (49, 'permission 49');
INSERT INTO roles (role) VALUES ('admin49');
INSERT INTO role_permissions (role_id, permission) VALUES (50, 'permission 50');
INSERT INTO roles (role) VALUES ('admin50');
INSERT INTO role_permissions (role_id, permission) VALUES (51, 'permission 51');
INSERT INTO users (username, hash, salt, first_name, last_name, route) VALUES ('admin0', '0xC9904D4A605BEA174F3B703452A2F2AF8DD73A34C1234BB1BA648DA8649ACEFF', '0x01A91DD5922E93BA6B99BEC72F693A5F', 'I', 'DontLike0', 'Projects0');
INSERT INTO user_roles (username, role_id) VALUES ('admin0', 1);
INSERT INTO users (username, hash, salt, first_name, last_name, route) VALUES ('admin1', '0xC9904D4A605BEA174F3B713452A2F2AF8DD73A34C1234BB1BA648DA8649ACEFF', '0x01A91DD5922E93BA6B99BEC72F693A5F', 'I', 'DontLike1', 'Projects1');
INSERT INTO user_roles (username, role_id) VALUES ('admin1', 2);
INSERT INTO users (username, hash, salt, first_name, last_name, route) VALUES ('admin2', '0xC9904D4A605BEA174F3B723452A2F2AF8DD73A34C1234BB1BA648DA8649ACEFF', '0x01A91DD5922E93BA6B99BEC72F693A5F', 'I', 'DontLike2', 'Projects2');
INSERT INTO user_roles (username, role_id) VALUES ('admin2', 3);
INSERT INTO users (username, hash, salt, first_name, last_name, route) VALUES ('admin3', '0xC9904D4A605BEA174F3B733452A2F2AF8DD73A34C1234BB1BA648DA8649ACEFF', '0x01A91DD5922E93BA6B99BEC72F693A5F', 'I', 'DontLike3', 'Projects3');
INSERT INTO user_roles (username, role_id) VALUES ('admin3', 4);
INSERT INTO users (username, hash, salt, first_name, last_name, route) VALUES ('admin4', '0xC9904D4A605BEA174F3B743452A2F2AF8DD73A34C1234BB1BA648DA8649ACEFF', '0x01A91DD5922E93BA6B99BEC72F693A5F', 'I', 'DontLike4', 'Projects4');
INSERT INTO user_roles (username, role_id) VALUES ('admin4', 5);
INSERT INTO notes (content) VALUES ('MESSAGE0');
INSERT INTO notes (content) VALUES ('MESSAGE1');
INSERT INTO notes (content) VALUES ('MESSAGE2');
INSERT INTO notes (content) VALUES ('MESSAGE3');
INSERT INTO notes (content) VALUES ('MESSAGE4');
INSERT INTO files (filename, mimetype) VALUES ('file_0.jpeg', 'image/jpeg');
INSERT INTO file_identifications (category, category_key, file_id) VALUES ('category', 'key', 1);
INSERT INTO files (filename, mimetype) VALUES ('file_1.jpeg', 'image/jpeg');
INSERT INTO file_identifications (category, category_key, file_id) VALUES ('category', 'key', 2);
INSERT INTO files (filename, mimetype) VALUES ('file_2.jpeg', 'image/jpeg');
INSERT INTO file_identifications (category, category_key, file_id) VALUES ('category', 'key', 3);
INSERT INTO files (filename, mimetype) VALUES ('file_3.jpeg', 'image/jpeg');
INSERT INTO file_identifications (category, category_key, file_id) VALUES ('category', 'key', 4);
INSERT INTO files (filename, mimetype) VALUES ('file_4.jpeg', 'image/jpeg');
INSERT INTO file_identifications (category, category_key, file_id) VALUES ('category', 'key', 5);
INSERT INTO employees (first_name, last_name, route, phone) VALUES ('pepa', 'blemca', 'papa-blemca', '123056788');
INSERT INTO establishments (name, route) VALUES ('blem', 'blem0');
INSERT INTO employee_establishments (employee_id, establishment_id) VALUES (1, 1);
INSERT INTO establishment_subpages (establishment_id, route, content, name) VALUES (1, 'route_1', 'content', 'name_1');
INSERT INTO subpage_gallery (establishment_subpage_id, file_id, description) VALUES (1, 1, 'description');
INSERT INTO employees (first_name, last_name, route, phone) VALUES ('pepa', 'blemca', 'papa-blemca', '123156788');
INSERT INTO establishments (name, route) VALUES ('blem', 'blem1');
INSERT INTO employee_establishments (employee_id, establishment_id) VALUES (2, 2);
INSERT INTO establishment_subpages (establishment_id, route, content, name) VALUES (2, 'route_2', 'content', 'name_2');
INSERT INTO subpage_gallery (establishment_subpage_id, file_id, description) VALUES (2, 2, 'description');
INSERT INTO employees (first_name, last_name, route, phone) VALUES ('pepa', 'blemca', 'papa-blemca', '123256788');
INSERT INTO establishments (name, route) VALUES ('blem', 'blem2');
INSERT INTO employee_establishments (employee_id, establishment_id) VALUES (3, 3);
INSERT INTO establishment_subpages (establishment_id, route, content, name) VALUES (3, 'route_3', 'content', 'name_3');
INSERT INTO subpage_gallery (establishment_subpage_id, file_id, description) VALUES (3, 3, 'description');
INSERT INTO employees (first_name, last_name, route, phone) VALUES ('pepa', 'blemca', 'papa-blemca', '123356788');
INSERT INTO establishments (name, route) VALUES ('blem', 'blem3');
INSERT INTO employee_establishments (employee_id, establishment_id) VALUES (4, 4);
INSERT INTO establishment_subpages (establishment_id, route, content, name) VALUES (4, 'route_4', 'content', 'name_4');
INSERT INTO subpage_gallery (establishment_subpage_id, file_id, description) VALUES (4, 4, 'description');
INSERT INTO employees (first_name, last_name, route, phone) VALUES ('pepa', 'blemca', 'papa-blemca', '123456788');
INSERT INTO establishments (name, route) VALUES ('blem', 'blem4');
INSERT INTO employee_establishments (employee_id, establishment_id) VALUES (5, 5);
INSERT INTO establishment_subpages (establishment_id, route, content, name) VALUES (5, 'route_5', 'content', 'name_5');
INSERT INTO subpage_gallery (establishment_subpage_id, file_id, description) VALUES (5, 5, 'description');